Section,Sub-Section,Title,Type,Priority,Preconditions,Steps,Expected Result
"Navigation & Pages","","[C001] Home page displays with search bar and feature cards","Manual","High","","1. Open https://explorer.arkade.sh","Search bar is prominently visible at the top + feature cards (Recent Transactions, Network Stats, etc.) are displayed below"
"Navigation & Pages","","[C002] Transaction page shows correct transaction details","Manual","High","Have a valid transaction ID","1. Navigate to /tx/<valid-txid>","All sections (overview, inputs, outputs, timestamps, raw hex) load correctly with accurate data"
"Navigation & Pages","","[C003] Commitment transaction page displays full transaction information","Manual","High","Have a known commitment transaction ID","1. Open a commitment transaction","Batch list, batch tree, forfeit inputs, connector outputs, raw hex viewer are all present and populated"
"Navigation & Pages","","[C004] Address page shows VTXO list and statistics","Manual","High","Have a valid address with VTXOs","1. Navigate to /address/<addr>","Statistics card + paginated VTXO table are displayed"
"Navigation & Pages","","[C005] 404 page appears for invalid URLs","Manual","High","","1. Navigate to https://explorer.arkade.sh/thisdoesnotexist","Custom 404 page is shown (not browser default)"
"Navigation & Pages","","[C006] Header navigation works on all pages","Manual","High","","1. From any page click logo or Home link","Navigates back to home without full page reload"
"Navigation & Pages","","[C007] Footer displays on all pages","Manual","High","","1. Visit Home, Tx, Address, 404 pages","Footer with copyright/links is visible on every page"
"Search Functionality","","[C010] Search accepts 64-character hex strings (transaction IDs)","Manual","High","","1. Paste any 64-char lowercase hex string → Enter","No format error – proceeds to lookup"
"Search Functionality","","[C011] Search accepts Bitcoin addresses","Manual","High","","1. Paste any valid P2TR/P2WSH address → Enter","Navigates to address page if found"
"Search Functionality","","[C012] Search navigates to correct page after submission","Manual","High","","1. Search txid → /tx/<txid>, 2. Search address → /address/<addr>","URL and page content match searched item"
"Search Functionality","","[C013] Search bar clears after successful navigation","Manual","High","","1. Perform successful search","Search input field becomes empty after navigation"
"Search Functionality","","[C014] Search available from home page","Manual","High","","1. Load home page","Large centered search bar is visible and focused"
"Search Functionality","","[C015] Search available from header on all pages","Manual","High","","1. Go to any page (tx, address, 404)","Search bar remains in header and is functional"
"Search Functionality","","[C016] Recent searches appear below search bar","Manual","High","Perform at least 3 searches first","1. Look below search input","List of recent searches is displayed"
"Search Functionality","","[C017] Pin icon saves searches to top of recent list","Manual","High","Recent searches exist","1. Click pin icon on a recent item","Item moves to top and gets pin badge"
"Search Functionality","","[C018] Unpin icon removes pinned status","Manual","High","Have a pinned search","1. Click unpin icon","Item loses pin and returns to normal recent position"
"Search Functionality","","[C019] Recent searches persist across sessions (no expiration)","Manual","High","Have pinned and recent items","1. Close browser tab → reopen site","All recent and pinned searches are still present"
"Transaction Display – Commitment Transactions","","[C030] Transaction ID displays correctly","Manual","High","On any commitment tx page","1. View transaction ID at top","Full 64-char txid is shown and matches URL"
"Transaction Display – Commitment Transactions","","[C031] Copy button copies transaction ID to clipboard","Manual","High","","1. Click copy icon next to txid → paste","Clipboard contains exact txid + icon briefly turns to checkmark"
"Transaction Display – Commitment Transactions","","[C032] Started and ended timestamps display","Manual","High","","1. View timestamp section","Both 'Started' and 'Ended' times are shown in local timezone"
"Transaction Display – Commitment Transactions","","[C033] Total input/output amounts show correctly","Manual","High","","1. View summary cards","Input total = Output total (or correct difference with fees)"
"Transaction Display – Commitment Transactions","","[C034] Total input/output VTXO counts display","Manual","High","","1. View VTXO count badges","Counts are accurate and visible"
"Transaction Display – Commitment Transactions","","[C035] Regular inputs show outpoint (txid:vout)","Manual","High","Tx has regular inputs","1. Expand Inputs","Each regular input shows txid:vout format"
"Transaction Display – Commitment Transactions","","[C036] Links to mempool.space for regular inputs","Manual","High","","1. Click any regular input","Opens correct tx on mempool.space in new tab"
"Transaction Display – Commitment Transactions","","[C037] Forfeit inputs have orange border and FORFEIT label","Manual","High","Tx has forfeit input","Forfeit inputs have orange border + FORFEIT badge"
"Transaction Display – Commitment Transactions","","[C038] Forfeit inputs link to forfeit transaction","Manual","High","","1. Click arrow on forfeit input","Navigates to correct forfeit tx page"
"Transaction Display – Commitment Transactions","","[C039] Batch outputs have orange border and Batch #X label","Manual","High","Commitment tx with batches","Batch outputs have orange border + Batch #1, #2, etc."
"Transaction Display – Commitment Transactions","","[C040] VTXO count shown for each batch output","Manual","High","","Next to each batch → X VTXOs displayed"
"Transaction Display – Commitment Transactions","","[C041] Arrow on batch output links to root transaction","Manual","High","","1. Click arrow on batch","Navigates to root tx of that batch"
"Transaction Display – Commitment Transactions","","[C042] Connector outputs have blue border and CONNECTOR label","Manual","High","Tx has connector","Connector outputs have blue border + CONNECTOR badge"
"Transaction Display – Commitment Transactions","","[C043] Arrow on connector links to root connector tx","Manual","High","","1. Click arrow on connector","Navigates to correct connector root tx"
"Transaction Display – Commitment Transactions","","[C044] Regular outputs have purple border","Manual","High","Tx has regular outputs","Regular outputs have purple border"
"Transaction Display – Commitment Transactions","","[C045] Output amounts display correctly in selected unit","Manual","High","","All output amounts match blockchain data in sats or BTC"
"Transaction Display – Commitment Transactions","","[C046] Script previews show (truncated)","Manual","High","","Each output shows script preview with ... if long"
"Transaction Display – Commitment Transactions","","[C047] Batch list displays all batches","Manual","High","","All batches from commitment tx are listed"
"Transaction Display – Commitment Transactions","","[C048] Each batch shows amount, VTXO count, expiration, swept status","Manual","High","","All four fields visible per batch"
"Transaction Display – Commitment Transactions","","[C049] Batch tree expands/collapses on click","Manual","High","","Clicking toggle expands and collapses tree smoothly"
"Transaction Display – Commitment Transactions","","[C050] Tree shows correct parent-child relationships","Manual","High","","Tree structure accurately reflects on-chain relationships"
"Transaction Display – Commitment Transactions","","[C051] Raw transaction hex viewer expands/collapses","Manual","High","","Click Raw Hex → section expands"
"Transaction Display – Commitment Transactions","","[C052] Copy button copies raw hex correctly","Manual","High","","Click copy → paste → full raw tx hex in clipboard"
"Transaction Display – Arkade Transactions","","[C060] Transaction details display for non-commitment tx","Manual","High","Open regular Arkade tx","All standard fields visible"
"Transaction Display – Arkade Transactions","","[C061] Input/output information shows correctly","Manual","High","","Inputs and outputs listed with amounts and addresses"
"Transaction Display – Arkade Transactions","","[C062] Links to mempool.space work","Manual","High","","Clicking any tx link opens mempool.space"
"Transaction Display – Arkade Transactions","","[C063] Spent/unspent status indicators appear","Manual","High","","Green = Active, Gray = Spent, Yellow = Swept badges"
"Transaction Display – Arkade Transactions","","[C064] Links to spending transactions work","Manual","High","VTXO is spent","Click spending tx link → correct tx page"
"Transaction Display – Arkade Transactions","","[C065] Forfeit transactions show Arkade Operator label","Manual","High","Open forfeit tx","Arkade Operator label visible"
"Transaction Display – Arkade Transactions","","[C066] Checkpoint transactions identified correctly","Manual","High","Open checkpoint tx","Checkpoint badge or label shown"
"Address Page","","[C070] Address/script displayed at top + copy button","Manual","High","","Full address shown with working copy button"
"Address Page","","[C071] Statistics card shows total balance (active VTXOs)","Manual","High","","Balance = sum of all Active VTXOs"
"Address Page","","[C072] Statistics card shows total received","Manual","High","","Total received amount correct"
"Address Page","","[C073] Statistics card shows VTXO counts (total/active/spent/swept)","Manual","High","","All four counts accurate"
"Address Page","","[C074] VTXO list shows status badges (Active/Spent/Swept)","Manual","Manual","High","","Correct color badges: green/gray/yellow"
"Address Page","","[C075] VTXO list shows outpoint with copy button","Manual","High","","Outpoint txid:vout + copy works"
"Address Page","","[C076] VTXO list shows amount in selected unit","Manual","High","","Amount updates with sats/BTC toggle"
"Address Page","","[C077] VTXO list shows created & expiration timestamps","Manual","High","","Both timestamps visible and correct"
"Address Page","","[C078] VTXO list links to commitment tx","Manual","High","","Click commitment link → correct page"
"Address Page","","[C079] VTXO list links to spending tx (if spent)","Manual","High","VTXO is spent","Spending tx link works"
"Address Page","","[C080] Pagination works (10 items per page)","Manual","High","Address has >10 VTXOs","Exactly 10 items shown, pagination controls work"
"Address Page","","[C081] Previous/Next and page numbers clickable","Manual","High","","All pagination buttons functional"
"Money Display","","[C090] Toggle button switches between sats and BTC","Manual","High","","Click toggle → unit changes instantly"
"Money Display,"","[C091] Preference persists after page refresh","Manual","High","Set to BTC","1. Refresh page → still BTC"
Money Display,"","[C092] Sats display: comma every 3 digits (e.g. 4,438 sats)","Manual","High","Switch to sats","Formatting correct with commas"
Money Display,"","[C093] BTC display: comma in decimal (e.g. 0.00004,438 BTC)","Manual","High","Switch to BTC","Decimal commas correct"
Money Display,"","[C094] All amounts update when toggling unit","Manual","High","Toggle multiple times → every amount updates correctly"
Money Display,"","[C095] Amounts display consistently across all pages","Manual","High","Same address on different pages","Same amount shown everywhere"
Theme,"","[C100] Theme toggle button present in header","Manual","High","","Theme sun/moon icon visible"
Theme,"","[C101] Light theme applies correctly","Manual","High","Click to light","Background white, text dark"
Theme,"","[C102] Dark theme applies correctly","Manual","High","Click to dark","Background dark, text light"
Theme,"","[C103] System theme follows OS preference","Manual","High","Change OS to dark → reload","Site becomes dark automatically"
Theme,"","[C104] Theme preference persists after refresh","Manual","High","Set dark → refresh → still dark"
"Visual Elements","","[C110] Purple borders on regular items","Manual","High","","Regular inputs/outputs have purple border"
"Visual Elements","","[C111] Orange borders on batches and forfeits","Manual","High","","Batches & forfeits have orange border"
"Visual Elements","","[C112] Blue borders on connectors","Manual","High","","Connector outputs have blue border"
"Visual Elements","","[C113] Status badges show correct colors","Manual","High","","Active=green, Spent=gray, Swept=yellow"
"Visual Elements","","[C114] Glow effects visible on cards","Manual","High","","Cards have subtle glow/shadow"
"Visual Elements","","[C115] Particle rain animation on home page","Manual","High","","Particles falling in background"
"Visual Elements","","[C116] Loading spinners appear during data fetch","Manual","High","Navigate to slow page","Spinner visible until data loads"
"Copy Functionality","","[C120] Copy buttons show clipboard → checkmark → revert after 2s","Manual","High","Click any copy button","Icon animation correct"
"Copy Functionality","","[C121] Copied text matches displayed text (txid, address, outpoint, raw hex)","Manual","High","Test all four types","Paste matches exactly"
"Links & Navigation","","[C130] Internal links navigate within app (no reload)","Manual","High","Click any /tx or /address link","No full page reload"
"Links & Navigation","","[C131] External links (mempool.space) open in new tab","Manual","High","Click mempool link","_blank target present"
"Links & Navigation","","[C132] Back/Forward browser buttons work correctly","Manual","High","Navigate → back → forward","History works as expected"
"Links & Navigation","","[C133] Direct URL entry works for all routes","Manual","High","Paste /tx/<id> directly","Page loads correctly"
"Links & Navigation","","[C134] Batch/Connector/Forfeit arrows navigate correctly","Manual","High","Click each arrow type","Correct target transaction page"
"Error Handling","","[C140] Invalid transaction/address shows clear error","Manual","High","Search invalid ID","Not found message, no crash"
"Error Handling","","[C141] Network errors show user-friendly message","Manual","High","(Optional: throttle network)","Graceful error shown"
"Responsive Design","","[C150] Layout works on mobile (<768px)","Manual","High","Open in mobile or DevTools","No overflow, menu works"
"Responsive Design","","[C151] Layout works on tablet (768–1024px)","Manual","High","Tablet viewport","Layout adapts correctly"
"Responsive Design","","[C152] Layout works on desktop (>1024px)","Manual","High","Desktop view","Full layout visible"
"Responsive Design","","[C153] Search and buttons usable on mobile","Manual","High","Mobile view","All controls tappable"
Performance,"","[C160] Pages load within 3 seconds","Manual","High","Good connection","All pages <3s"
Performance,"","[C161] Navigation between pages is instant","Manual","High","Click internal links","<300ms navigation"
Performance,"","[C162] Search results appear quickly (<2s)","Manual","High","Perform search","Result in <2s"
Performance,"","[C163] No lag when toggling theme/unit","Manual","High","Toggle rapidly","Smooth, no freeze"
